Year,County,0BR,1BR,2BR,3BR,4BR
2006,Adams,333,387,475,629,657
2006,Barnes,394,396,475,665,835
2006,Benson,389,390,475,655,826
2006,Billings,333,387,475,629,657
2006,Bottineau,363,399,496,698,761
2006,Bowman,333,387,475,629,657
2006,Burke,363,399,496,698,761
2006,Burleigh,399,418,520,753,774
2006,Cass,373,443,563,812,939
2006,Cavalier,389,390,475,655,826
2006,Dickey,389,390,475,655,826
2006,Divide,333,387,475,629,657
2006,Dunn,333,387,475,629,657
2006,Eddy,389,390,475,655,826
2006,Emmons,363,399,496,698,761
2006,Foster,389,390,475,655,826
2006,Golden Valley,333,387,475,629,657
2006,Grand Forks,363,456,559,708,963
2006,Grant,333,387,475,629,657
2006,Griggs,389,390,475,655,826
2006,Hettinger,333,387,475,629,657
2006,Kidder,363,399,496,698,761
2006,LaMoure,389,390,475,655,826
2006,Logan,363,399,496,698,761
2006,McHenry,363,399,496,698,761
2006,McIntosh,363,399,496,698,761
2006,McKenzie,333,387,475,629,657
2006,McLean,363,399,496,698,761
2006,Mercer,333,387,475,629,657
2006,Morton,399,418,520,753,774
2006,Mountrail,363,399,496,698,761
2006,Nelson,370,459,548,741,823
2006,Oliver,333,387,475,629,657
2006,Pembina,370,459,548,741,823
2006,Pierce,363,399,496,698,761
2006,Ramsey,353,363,477,594,752
2006,Ransom,389,390,475,655,826
2006,Renville,363,399,496,698,761
2006,Richland,323,389,492,639,758
2006,Rolette,363,399,496,698,761
2006,Sargent,389,390,475,655,826
2006,Sheridan,363,399,496,698,761
2006,Sioux,333,387,475,629,657
2006,Slope,333,387,475,629,657
2006,Stark,338,410,475,691,835
2006,Steele,370,459,548,741,823
2006,Stutsman,395,397,475,658,835
2006,Towner,389,390,475,655,826
2006,Traill,370,459,548,741,823
2006,Walsh,370,459,548,741,823
2006,Ward,311,386,475,656,779
2006,Wells,389,390,475,655,826
2006,Williams,309,377,475,626,663
2007,Adams,343,399,489,648,677
2007,Barnes,405,408,489,684,859
2007,Benson,400,402,489,674,850
2007,Billings,343,399,489,648,677
2007,Bottineau,374,411,511,719,784
2007,Bowman,343,399,489,648,677
2007,Burke,374,411,511,719,784
2007,Burleigh,412,431,536,776,798
2007,Cass,384,456,580,837,967
2007,Cavalier,400,402,489,674,850
2007,Dickey,400,402,489,674,850
2007,Divide,343,399,489,648,677
2007,Dunn,343,399,489,648,677
2007,Eddy,400,402,489,674,850
2007,Emmons,374,411,511,719,784
2007,Foster,400,402,489,674,850
2007,Golden Valley,343,399,489,648,677
2007,Grand Forks,374,469,576,730,992
2007,Grant,343,399,489,648,677
2007,Griggs,400,402,489,674,850
2007,Hettinger,343,399,489,648,677
2007,Kidder,374,411,511,719,784
2007,LaMoure,400,402,489,674,850
2007,Logan,374,411,511,719,784
2007,McHenry,374,411,511,719,784
2007,McIntosh,374,411,511,719,784
2007,McKenzie,343,399,489,648,677
2007,McLean,374,411,511,719,784
2007,Mercer,343,399,489,648,677
2007,Morton,412,431,536,776,798
2007,Mountrail,374,411,511,719,784
2007,Nelson,381,473,565,764,849
2007,Oliver,343,399,489,648,677
2007,Pembina,381,473,565,764,849
2007,Pierce,374,411,511,719,784
2007,Ramsey,363,373,491,612,774
2007,Ransom,400,402,489,674,850
2007,Renville,374,411,511,719,784
2007,Richland,333,401,507,659,781
2007,Rolette,374,411,511,719,784
2007,Sargent,400,402,489,674,850
2007,Sheridan,374,411,511,719,784
2007,Sioux,343,399,489,648,677
2007,Slope,343,399,489,648,677
2007,Stark,348,422,489,711,860
2007,Steele,381,473,565,764,849
2007,Stutsman,407,408,489,677,859
2007,Towner,400,402,489,674,850
2007,Traill,381,473,565,764,849
2007,Walsh,381,473,565,764,849
2007,Ward,320,398,489,675,801
2007,Wells,400,402,489,674,850
2007,Williams,318,388,489,644,683
2008,Adams,341,397,487,645,674
2008,Barnes,404,406,487,681,856
2008,Benson,398,400,487,672,847
2008,Billings,341,397,487,645,674
2008,Bottineau,371,408,507,714,778
2008,Bowman,341,397,487,645,674
2008,Burke,371,408,507,714,778
2008,Burleigh,409,428,532,770,792
2008,Cass,394,468,595,859,992
2008,Cavalier,398,400,487,672,847
2008,Dickey,398,400,487,672,847
2008,Divide,341,397,487,645,674
2008,Dunn,341,397,487,645,674
2008,Eddy,398,400,487,672,847
2008,Emmons,371,408,507,714,778
2008,Foster,398,400,487,672,847
2008,Golden Valley,341,397,487,645,674
2008,Grand Forks,382,480,589,746,1014
2008,Grant,341,397,487,645,674
2008,Griggs,398,400,487,672,847
2008,Hettinger,341,397,487,645,674
2008,Kidder,371,408,507,714,778
2008,LaMoure,398,400,487,672,847
2008,Logan,371,408,507,714,778
2008,McHenry,371,408,507,714,778
2008,McIntosh,371,408,507,714,778
2008,McKenzie,341,397,487,645,674
2008,McLean,371,408,507,714,778
2008,Mercer,341,397,487,645,674
2008,Morton,409,428,532,770,792
2008,Mountrail,371,408,507,714,778
2008,Nelson,378,469,560,758,841
2008,Oliver,341,397,487,645,674
2008,Pembina,378,469,560,758,841
2008,Pierce,371,408,507,714,778
2008,Ramsey,361,372,489,609,771
2008,Ransom,398,400,487,672,847
2008,Renville,371,408,507,714,778
2008,Richland,330,397,503,653,775
2008,Rolette,371,408,507,714,778
2008,Sargent,398,400,487,672,847
2008,Sheridan,371,408,507,714,778
2008,Sioux,341,397,487,645,674
2008,Slope,341,397,487,645,674
2008,Stark,346,421,487,709,856
2008,Steele,378,469,560,758,841
2008,Stutsman,405,407,487,674,856
2008,Towner,398,400,487,672,847
2008,Traill,378,469,560,758,841
2008,Walsh,378,469,560,758,841
2008,Ward,318,396,487,673,798
2008,Wells,398,400,487,672,847
2008,Williams,317,387,487,641,680
2009,Adams,358,416,511,677,707
2009,Barnes,424,426,511,715,898
2009,Benson,418,420,511,705,889
2009,Billings,358,416,511,677,707
2009,Bottineau,389,428,532,749,816
2009,Bowman,358,416,511,677,707
2009,Burke,389,428,532,749,816
2009,Burleigh,429,449,558,808,831
2009,Cass,410,487,620,895,1034
2009,Cavalier,418,420,511,705,889
2009,Dickey,418,420,511,705,889
2009,Divide,358,416,511,677,707
2009,Dunn,358,416,511,677,707
2009,Eddy,418,420,511,705,889
2009,Emmons,389,428,532,749,816
2009,Foster,418,420,511,705,889
2009,Golden Valley,358,416,511,677,707
2009,Grand Forks,398,500,613,777,1056
2009,Grant,358,416,511,677,707
2009,Griggs,418,420,511,705,889
2009,Hettinger,358,416,511,677,707
2009,Kidder,389,428,532,749,816
2009,LaMoure,418,420,511,705,889
2009,Logan,389,428,532,749,816
2009,McHenry,389,428,532,749,816
2009,McIntosh,389,428,532,749,816
2009,McKenzie,358,416,511,677,707
2009,McLean,389,428,532,749,816
2009,Mercer,358,416,511,677,707
2009,Morton,429,449,558,808,831
2009,Mountrail,389,428,532,749,816
2009,Nelson,396,492,587,794,882
2009,Oliver,358,416,511,677,707
2009,Pembina,396,492,587,794,882
2009,Pierce,389,428,532,749,816
2009,Ramsey,379,390,513,639,808
2009,Ransom,418,420,511,705,889
2009,Renville,389,428,532,749,816
2009,Richland,346,416,527,685,812
2009,Rolette,389,428,532,749,816
2009,Sargent,418,420,511,705,889
2009,Sheridan,389,428,532,749,816
2009,Sioux,358,416,511,677,707
2009,Slope,358,416,511,677,707
2009,Stark,363,442,511,744,898
2009,Steele,396,492,587,794,882
2009,Stutsman,425,427,511,708,898
2009,Towner,418,420,511,705,889
2009,Traill,396,492,587,794,882
2009,Walsh,396,492,587,794,882
2009,Ward,334,415,511,706,838
2009,Wells,418,420,511,705,889
2009,Williams,333,406,511,673,713
2010,Adams,363,422,518,686,717
2010,Barnes,429,432,518,725,910
2010,Benson,424,426,518,714,901
2010,Billings,363,422,518,686,717
2010,Bottineau,395,433,539,759,827
2010,Bowman,363,422,518,686,717
2010,Burke,395,433,539,759,827
2010,Burleigh,434,454,565,818,841
2010,Cass,416,494,628,906,1048
2010,Cavalier,424,426,518,714,901
2010,Dickey,424,426,518,714,901
2010,Divide,363,422,518,686,717
2010,Dunn,363,422,518,686,717
2010,Eddy,424,426,518,714,901
2010,Emmons,395,433,539,759,827
2010,Foster,424,426,518,714,901
2010,Golden Valley,363,422,518,686,717
2010,Grand Forks,403,506,621,787,1069
2010,Grant,363,422,518,686,717
2010,Griggs,424,426,518,714,901
2010,Hettinger,363,422,518,686,717
2010,Kidder,395,433,539,759,827
2010,LaMoure,424,426,518,714,901
2010,Logan,395,433,539,759,827
2010,McHenry,395,433,539,759,827
2010,McIntosh,395,433,539,759,827
2010,McKenzie,363,422,518,686,717
2010,McLean,395,433,539,759,827
2010,Mercer,363,422,518,686,717
2010,Morton,434,454,565,818,841
2010,Mountrail,395,433,539,759,827
2010,Nelson,401,498,594,804,892
2010,Oliver,363,422,518,686,717
2010,Pembina,401,498,594,804,892
2010,Pierce,395,433,539,759,827
2010,Ramsey,384,394,519,647,818
2010,Ransom,424,426,518,714,901
2010,Renville,395,433,539,759,827
2010,Richland,350,421,533,692,821
2010,Rolette,395,433,539,759,827
2010,Sargent,424,426,518,714,901
2010,Sheridan,395,433,539,759,827
2010,Sioux,363,422,518,686,717
2010,Slope,363,422,518,686,717
2010,Stark,368,448,518,754,911
2010,Steele,401,498,594,804,892
2010,Stutsman,431,433,518,717,910
2010,Towner,424,426,518,714,901
2010,Traill,401,498,594,804,892
2010,Walsh,401,498,594,804,892
2010,Ward,413,512,631,872,1035
2010,Wells,424,426,518,714,901
2010,Williams,337,411,518,682,723
2011,Adams,382,444,545,722,754
2011,Barnes,452,455,545,762,958
2011,Benson,446,448,545,752,948
2011,Billings,382,444,545,722,754
2011,Bottineau,414,454,565,796,867
2011,Bowman,382,444,545,722,754
2011,Burke,414,454,565,796,867
2011,Burleigh,455,477,593,859,883
2011,Cass,405,481,612,883,1021
2011,Cavalier,446,448,545,752,948
2011,Dickey,446,448,545,752,948
2011,Divide,382,444,545,722,754
2011,Dunn,382,444,545,722,754
2011,Eddy,446,448,545,752,948
2011,Emmons,414,454,565,796,867
2011,Foster,446,448,545,752,948
2011,Golden Valley,382,444,545,722,754
2011,Grand Forks,418,525,644,816,1109
2011,Grant,382,444,545,722,754
2011,Griggs,446,448,545,752,948
2011,Hettinger,382,444,545,722,754
2011,Kidder,414,454,565,796,867
2011,LaMoure,446,448,545,752,948
2011,Logan,414,454,565,796,867
2011,McHenry,414,454,565,796,867
2011,McIntosh,414,454,565,796,867
2011,McKenzie,382,444,545,722,754
2011,McLean,414,454,565,796,867
2011,Mercer,382,444,545,722,754
2011,Morton,455,477,593,859,883
2011,Mountrail,414,454,565,796,867
2011,Nelson,421,523,624,844,937
2011,Oliver,382,444,545,722,754
2011,Pembina,421,523,624,844,937
2011,Pierce,414,454,565,796,867
2011,Ramsey,403,414,545,679,859
2011,Ransom,446,448,545,752,948
2011,Renville,414,454,565,796,867
2011,Richland,368,442,560,727,863
2011,Rolette,414,454,565,796,867
2011,Sargent,446,448,545,752,948
2011,Sheridan,414,454,565,796,867
2011,Sioux,382,444,545,722,754
2011,Slope,382,444,545,722,754
2011,Stark,387,471,545,793,958
2011,Steele,421,523,624,844,937
2011,Stutsman,453,455,545,755,958
2011,Towner,446,448,545,752,948
2011,Traill,421,523,624,844,937
2011,Walsh,421,523,624,844,937
2011,Ward,422,525,646,892,1059
2011,Wells,446,448,545,752,948
2011,Williams,355,433,545,718,761
2012,Adams,409,476,584,774,808
2012,Barnes,549,552,662,926,1163
2012,Benson,478,480,584,805,1016
2012,Billings,433,504,618,819,855
2012,Bottineau,452,496,617,869,946
2012,Bowman,409,476,584,774,808
2012,Burke,433,476,592,834,908
2012,Burleigh,464,486,604,875,899
2012,Cass,433,514,654,944,1091
2012,Cavalier,478,480,584,805,1016
2012,Dickey,511,514,625,862,1087
2012,Divide,409,476,584,774,808
2012,Dunn,409,476,584,774,808
2012,Eddy,478,480,584,805,1016
2012,Emmons,427,470,584,822,896
2012,Foster,478,480,584,805,1016
2012,Golden Valley,409,476,584,774,808
2012,Grand Forks,432,542,665,843,1145
2012,Grant,430,500,613,812,848
2012,Griggs,478,480,584,805,1016
2012,Hettinger,409,476,584,774,808
2012,Kidder,427,470,584,822,896
2012,LaMoure,532,534,650,896,1130
2012,Logan,427,470,584,822,896
2012,McHenry,489,537,668,941,1025
2012,McIntosh,451,495,616,867,945
2012,McKenzie,409,476,584,774,808
2012,McLean,427,470,584,822,896
2012,Mercer,409,476,584,774,808
2012,Morton,464,486,604,875,899
2012,Mountrail,489,537,668,941,1025
2012,Nelson,394,489,584,790,877
2012,Oliver,409,476,584,774,808
2012,Pembina,394,489,584,790,877
2012,Pierce,427,470,584,822,896
2012,Ramsey,443,455,599,746,944
2012,Ransom,554,556,677,934,1177
2012,Renville,427,470,584,822,896
2012,Richland,384,461,584,759,900
2012,Rolette,427,470,584,822,896
2012,Sargent,515,517,629,867,1094
2012,Sheridan,427,470,584,822,896
2012,Sioux,417,485,595,788,823
2012,Slope,433,504,618,819,855
2012,Stark,484,588,681,991,1197
2012,Steele,394,489,584,790,877
2012,Stutsman,542,544,652,903,1146
2012,Towner,478,480,584,805,1016
2012,Traill,416,517,617,835,927
2012,Walsh,406,504,601,813,903
2012,Ward,449,558,686,947,1124
2012,Wells,478,480,584,805,1016
2012,Williams,394,480,605,797,845
2013,Adams,456,458,573,844,847
2013,Barnes,471,474,601,749,803
2013,Benson,463,483,573,844,847
2013,Billings,456,459,574,715,778
2013,Bottineau,421,424,573,714,766
2013,Bowman,463,483,573,844,847
2013,Burke,441,444,573,741,766
2013,Burleigh,443,502,628,890,1050
2013,Cass,408,495,639,942,1114
2013,Cavalier,421,424,573,798,950
2013,Dickey,463,483,573,765,777
2013,Divide,456,458,573,798,801
2013,Dunn,441,444,573,844,847
2013,Eddy,463,483,573,844,847
2013,Emmons,463,483,573,844,956
2013,Foster,445,448,573,843,1015
2013,Golden Valley,463,483,573,798,801
2013,Grand Forks,420,512,686,928,1119
2013,Grant,421,424,573,798,801
2013,Griggs,463,483,573,844,1015
2013,Hettinger,463,483,573,844,847
2013,Kidder,427,430,573,828,831
2013,LaMoure,431,434,587,865,868
2013,Logan,456,458,573,798,801
2013,McHenry,447,450,573,752,892
2013,McIntosh,508,511,692,862,926
2013,McKenzie,421,424,573,844,847
2013,McLean,458,461,573,781,822
2013,Mercer,463,483,573,844,847
2013,Morton,443,502,628,890,1050
2013,Mountrail,841,878,1041,1306,1817
2013,Nelson,463,483,573,798,801
2013,Oliver,456,458,573,798,801
2013,Pembina,463,483,573,714,766
2013,Pierce,463,483,573,844,847
2013,Ramsey,447,450,573,786,789
2013,Ransom,440,443,594,875,878
2013,Renville,421,424,573,844,847
2013,Richland,421,424,573,840,907
2013,Rolette,463,483,573,844,923
2013,Sargent,421,424,573,826,902
2013,Sheridan,463,472,573,798,801
2013,Sioux,456,458,573,790,793
2013,Slope,456,459,574,800,803
2013,Stark,532,555,658,913,916
2013,Steele,460,463,573,759,777
2013,Stutsman,445,448,590,735,968
2013,Towner,421,424,573,798,936
2013,Traill,424,427,578,737,774
2013,Walsh,463,483,573,774,867
2013,Ward,773,825,1087,1602,1667
2013,Wells,463,483,573,844,908
2013,Williams,771,841,1026,1278,1371
2014,Adams,506,510,637,939,942
2014,Barnes,524,527,668,832,893
2014,Benson,515,537,637,939,942
2014,Billings,513,516,645,803,875
2014,Bottineau,468,471,637,793,851
2014,Bowman,515,537,637,939,942
2014,Burke,491,494,637,824,851
2014,Burleigh,497,563,704,998,1177
2014,Cass,437,529,684,1008,1192
2014,Cavalier,468,471,637,887,1056
2014,Dickey,515,537,637,851,864
2014,Divide,506,510,637,887,891
2014,Dunn,490,493,637,939,942
2014,Eddy,515,537,637,939,942
2014,Emmons,515,537,637,939,1063
2014,Foster,495,498,637,937,1128
2014,Golden Valley,515,537,637,887,891
2014,Grand Forks,444,541,725,981,1183
2014,Grant,468,471,637,887,891
2014,Griggs,515,537,637,939,1128
2014,Hettinger,515,537,637,939,942
2014,Kidder,475,478,637,921,924
2014,LaMoure,468,471,637,939,942
2014,Logan,506,510,637,887,891
2014,McHenry,497,500,637,836,992
2014,McIntosh,572,576,779,970,1042
2014,McKenzie,468,471,637,939,942
2014,McLean,509,513,637,868,914
2014,Mercer,515,537,637,939,942
2014,Morton,497,563,704,998,1177
2014,Mountrail,863,902,1069,1331,1865
2014,Nelson,515,537,637,887,891
2014,Oliver,506,510,637,887,891
2014,Pembina,515,537,637,793,851
2014,Pierce,515,537,637,939,942
2014,Ramsey,510,514,654,898,901
2014,Ransom,508,511,686,1011,1014
2014,Renville,468,471,637,939,942
2014,Richland,468,471,637,933,1008
2014,Rolette,515,537,637,939,1026
2014,Sargent,468,471,637,919,1003
2014,Sheridan,515,524,637,887,891
2014,Sioux,506,510,637,878,881
2014,Slope,513,516,645,899,902
2014,Stark,599,626,742,1029,1033
2014,Steele,511,514,637,844,864
2014,Stutsman,503,507,667,831,1094
2014,Towner,468,471,637,887,1041
2014,Traill,475,478,647,825,866
2014,Walsh,515,537,637,861,964
2014,Ward,794,847,1116,1644,1712
2014,Wells,515,537,637,939,1010
2014,Williams,792,864,1053,1311,1407
2015,Adams,477,480,600,884,887
2015,Barnes,499,502,636,792,850
2015,Benson,485,506,600,884,887
2015,Billings,487,490,612,762,830
2015,Bottineau,440,443,600,747,802
2015,Bowman,521,544,645,950,954
2015,Burke,462,465,600,776,802
2015,Burleigh,535,607,759,1076,1269
2015,Cass,456,553,715,1054,1246
2015,Cavalier,440,443,600,836,995
2015,Dickey,485,506,600,801,814
2015,Divide,477,480,600,836,839
2015,Dunn,462,465,600,884,887
2015,Eddy,485,506,600,884,887
2015,Emmons,485,506,600,884,1001
2015,Foster,466,469,600,883,1063
2015,Golden Valley,485,506,600,836,839
2015,Grand Forks,441,537,719,973,1173
2015,Grant,440,443,600,836,839
2015,Griggs,485,506,600,884,1063
2015,Hettinger,485,506,600,884,887
2015,Kidder,447,450,600,867,870
2015,LaMoure,440,443,600,884,887
2015,Logan,477,480,600,836,839
2015,McHenry,468,471,600,787,934
2015,McIntosh,440,443,600,747,803
2015,McKenzie,479,483,653,962,966
2015,McLean,480,483,600,818,861
2015,Mercer,485,506,600,884,887
2015,Morton,535,607,759,1076,1269
2015,Mountrail,883,922,1093,1361,1907
2015,Nelson,485,506,600,836,839
2015,Oliver,477,480,600,836,839
2015,Pembina,485,506,600,747,802
2015,Pierce,485,506,600,884,887
2015,Ramsey,468,471,600,823,826
2015,Ransom,482,485,651,959,963
2015,Renville,440,443,600,884,887
2015,Richland,441,444,600,879,949
2015,Rolette,485,506,600,884,966
2015,Sargent,440,443,600,865,945
2015,Sheridan,485,494,600,836,839
2015,Sioux,477,480,600,827,830
2015,Slope,487,490,612,853,856
2015,Stark,599,625,741,1028,1032
2015,Steele,482,485,600,795,814
2015,Stutsman,462,465,612,762,1004
2015,Towner,440,443,600,836,981
2015,Traill,440,443,600,765,803
2015,Walsh,485,506,600,811,908
2015,Ward,812,866,1142,1683,1752
2015,Wells,485,506,600,884,951
2015,Williams,811,884,1078,1343,1441
2016,Adams,526,530,653,947,951
2016,Barnes,517,520,696,873,1029
2016,Benson,531,564,653,923,937
2016,Billings,530,533,687,955,1000
2016,Bottineau,495,498,653,902,905
2016,Bowman,563,598,692,859,949
2016,Burke,531,564,653,867,895
2016,Burleigh,570,625,821,1133,1433
2016,Cass,489,600,771,1124,1238
2016,Cavalier,531,564,653,856,1026
2016,Dickey,531,564,653,902,951
2016,Divide,504,507,653,908,951
2016,Dunn,504,507,653,908,951
2016,Eddy,531,564,653,947,951
2016,Emmons,531,564,653,947,951
2016,Foster,504,507,653,952,1140
2016,Golden Valley,504,507,653,908,951
2016,Grand Forks,523,627,833,1120,1356
2016,Grant,531,564,653,947,951
2016,Griggs,531,536,653,952,1140
2016,Hettinger,531,564,653,947,951
2016,Kidder,503,506,653,852,951
2016,LaMoure,485,488,653,810,895
2016,Logan,568,571,736,1023,1198
2016,McHenry,531,564,653,864,1082
2016,McIntosh,485,488,653,810,967
2016,McKenzie,549,553,740,968,1077
2016,McLean,531,564,653,952,1140
2016,Mercer,494,498,653,810,1140
2016,Morton,570,625,821,1133,1433
2016,Mountrail,833,839,1123,1394,1635
2016,Nelson,531,564,653,883,951
2016,Oliver,457,499,653,909,1135
2016,Pembina,531,552,653,810,1133
2016,Pierce,504,507,653,908,951
2016,Ramsey,488,491,653,930,951
2016,Ransom,527,530,710,945,1034
2016,Renville,504,507,653,952,1140
2016,Richland,531,550,653,952,1100
2016,Rolette,504,507,653,952,1063
2016,Sargent,506,509,653,899,999
2016,Sheridan,504,507,653,908,951
2016,Sioux,457,546,653,863,917
2016,Slope,530,533,687,955,1000
2016,Stark,647,651,851,1078,1239
2016,Steele,516,519,653,832,951
2016,Stutsman,508,512,685,909,1020
2016,Towner,493,497,653,908,951
2016,Traill,498,502,653,852,951
2016,Walsh,531,564,653,841,989
2016,Ward,796,876,1173,1697,1999
2016,Wells,516,519,653,952,1010
2016,Williams,800,955,1107,1512,1517
2017,Adams,559,578,681,991,994
2017,Barnes,582,586,779,1106,1157
2017,Benson,559,590,681,978,988
2017,Billings,625,629,824,1149,1202
2017,Bottineau,552,555,738,1066,1144
2017,Bowman,678,689,826,1033,1139
2017,Burke,531,534,700,977,1021
2017,Burleigh,636,649,859,1196,1514
2017,Cass,491,602,767,1117,1276
2017,Cavalier,559,590,681,935,939
2017,Dickey,600,634,731,1041,1067
2017,Divide,516,520,681,950,994
2017,Dunn,1069,1076,1410,1967,2057
2017,Eddy,559,590,681,991,994
2017,Emmons,559,590,681,991,994
2017,Foster,509,512,681,991,1064
2017,Golden Valley,811,817,1070,1493,1561
2017,Grand Forks,542,654,854,1195,1421
2017,Grant,559,590,681,991,994
2017,Griggs,532,536,681,991,1200
2017,Hettinger,559,590,681,991,994
2017,Kidder,565,569,735,966,1072
2017,LaMoure,593,597,794,993,1158
2017,Logan,529,532,697,972,1116
2017,McHenry,559,590,681,959,994
2017,McIntosh,554,558,681,942,1046
2017,McKenzie,613,617,811,1126,1183
2017,McLean,576,607,701,1020,1235
2017,Mercer,602,606,805,1007,1418
2017,Morton,636,649,859,1196,1514
2017,Mountrail,850,855,1137,1422,1659
2017,Nelson,559,590,681,947,994
2017,Oliver,520,521,681,928,1184
2017,Pembina,564,578,687,859,1184
2017,Pierce,635,640,838,1169,1223
2017,Ramsey,554,558,741,1079,1081
2017,Ransom,604,608,808,1090,1179
2017,Renville,560,564,739,1076,1302
2017,Richland,566,570,690,1004,1177
2017,Rolette,524,527,691,1006,1032
2017,Sargent,566,570,757,1079,1104
2017,Sheridan,516,520,681,950,994
2017,Sioux,520,569,681,908,975
2017,Slope,625,629,824,1149,1202
2017,Stark,747,752,1000,1319,1459
2017,Steele,548,552,681,964,994
2017,Stutsman,612,616,819,1078,1129
2017,Towner,526,530,704,982,1027
2017,Traill,577,581,763,1007,1113
2017,Walsh,559,590,681,885,939
2017,Ward,790,893,1187,1728,2010
2017,Wells,551,555,681,991,994
2017,Williams,782,952,1121,1540,1545
2018,Adams,587,607,697,1014,1228
2018,Barnes,524,527,701,1014,1066
2018,Benson,587,607,697,977,1067
2018,Billings,576,580,760,1079,1127
2018,Bottineau,524,528,697,977,1167
2018,Bowman,610,620,743,930,1025
2018,Burke,576,580,760,1079,1127
2018,Burleigh,657,662,869,1200,1531
2018,Cass,521,643,810,1178,1411
2018,Cavalier,587,607,697,946,949
2018,Dickey,587,602,697,937,1216
2018,Divide,529,532,697,1014,1033
2018,Dunn,962,968,1269,1770,1851
2018,Eddy,587,607,697,1014,1033
2018,Emmons,587,607,697,1014,1033
2018,Foster,521,524,697,1014,1089
2018,Golden Valley,730,735,963,1344,1405
2018,Grand Forks,619,745,966,1383,1685
2018,Grant,587,607,697,1014,1033
2018,Griggs,526,529,697,1014,1080
2018,Hettinger,587,607,697,1014,1033
2018,Kidder,587,607,697,966,1033
2018,LaMoure,534,537,715,894,1042
2018,Logan,529,532,697,989,1044
2018,McHenry,587,607,697,988,1033
2018,McIntosh,587,591,697,899,969
2018,McKenzie,636,640,851,1094,1261
2018,McLean,587,607,697,1014,1215
2018,Mercer,542,545,725,906,1276
2018,Morton,657,662,869,1200,1531
2018,Mountrail,765,770,1023,1280,1493
2018,Nelson,587,607,697,989,1033
2018,Oliver,654,659,867,1174,1479
2018,Pembina,582,586,697,890,1197
2018,Pierce,572,576,754,1052,1101
2018,Ramsey,543,546,697,1014,1228
2018,Ransom,544,547,727,985,1061
2018,Renville,529,532,697,1014,1228
2018,Richland,563,566,697,1014,1212
2018,Rolette,529,532,697,1001,1033
2018,Sargent,552,555,697,1014,1033
2018,Sheridan,576,580,760,1079,1127
2018,Sioux,541,555,697,874,1070
2018,Slope,576,580,760,1079,1127
2018,Stark,674,678,902,1297,1337
2018,Steele,576,580,697,1014,1033
2018,Stutsman,551,554,737,970,1016
2018,Towner,521,524,697,989,1033
2018,Traill,535,538,697,943,1228
2018,Walsh,587,607,697,897,1049
2018,Ward,711,804,1068,1555,1809
2018,Wells,587,594,697,973,1033
2018,Williams,704,857,1009,1386,1391
2019,Adams,596,611,700,1012,1230
2019,Barnes,577,581,768,1110,1129
2019,Benson,596,611,700,915,1107
2019,Billings,614,618,817,1179,1225
2019,Bottineau,538,541,716,952,1181
2019,Bowman,565,569,752,942,1031
2019,Burke,719,723,957,1199,1435
2019,Burleigh,659,663,863,1177,1474
2019,Cass,561,691,859,1242,1509
2019,Cavalier,596,611,700,1010,1049
2019,Dickey,574,578,700,877,1189
2019,Divide,526,529,700,1012,1049
2019,Dunn,940,946,1252,1593,2199
2019,Eddy,596,611,700,1012,1049
2019,Emmons,596,611,700,1010,1049
2019,Foster,574,578,700,1012,1049
2019,Golden Valley,720,725,959,1210,1438
2019,Grand Forks,558,671,870,1245,1517
2019,Grant,596,607,700,1012,1049
2019,Griggs,526,529,700,1012,1049
2019,Hettinger,596,611,700,1012,1049
2019,Kidder,596,611,700,1000,1049
2019,LaMoure,543,547,723,906,1124
2019,Logan,596,611,700,1010,1032
2019,McHenry,596,611,700,987,1049
2019,McIntosh,596,611,700,912,967
2019,McKenzie,776,781,1033,1294,1549
2019,McLean,596,611,700,973,1169
2019,Mercer,598,602,796,1036,1398
2019,Morton,659,663,863,1177,1474
2019,Mountrail,689,753,921,1152,1562
2019,Nelson,596,611,700,1010,1049
2019,Oliver,654,659,860,1145,1434
2019,Pembina,596,611,700,922,1196
2019,Pierce,585,589,779,976,1168
2019,Ramsey,575,578,700,1012,1230
2019,Ransom,572,575,761,1003,1141
2019,Renville,538,541,716,1033,1258
2019,Richland,540,543,700,1012,1155
2019,Rolette,596,611,700,1010,1049
2019,Sargent,563,567,700,1012,1133
2019,Sheridan,614,618,817,1179,1225
2019,Sioux,542,546,700,877,1127
2019,Slope,614,618,817,1179,1225
2019,Stark,747,752,995,1340,1345
2019,Steele,572,576,700,1012,1049
2019,Stutsman,571,575,760,1017,1066
2019,Towner,531,535,700,891,1049
2019,Traill,489,561,700,1012,1230
2019,Walsh,596,611,700,912,1054
2019,Ward,698,830,1079,1560,1895
2019,Wells,596,611,700,933,1049
2019,Williams,634,772,965,1300,1304
2020,Adams,609,627,714,1030,1254
2020,Barnes,542,545,718,999,1017
2020,Benson,609,627,714,890,1170
2020,Billings,560,563,742,1070,1127
2020,Bottineau,539,542,714,890,1120
2020,Bowman,539,542,714,1007,1011
2020,Burke,648,651,862,1080,1292
2020,Burleigh,694,698,892,1242,1475
2020,Cass,555,676,834,1203,1464
2020,Cavalier,609,627,714,1030,1085
2020,Dickey,552,555,714,890,1174
2020,Divide,539,542,714,1030,1085
2020,Dunn,846,852,1127,1434,1980
2020,Eddy,609,627,714,1030,1085
2020,Emmons,579,583,714,1030,1085
2020,Foster,609,627,714,1030,1085
2020,Golden Valley,648,653,864,1089,1295
2020,Grand Forks,570,650,832,1200,1461
2020,Grant,593,596,714,1030,1085
2020,Griggs,539,542,714,1030,1085
2020,Hettinger,560,563,742,1070,1127
2020,Kidder,609,627,714,1030,1085
2020,LaMoure,539,543,714,890,1171
2020,Logan,609,627,714,955,1019
2020,McHenry,609,627,714,994,1085
2020,McIntosh,609,627,714,932,982
2020,McKenzie,778,784,1032,1286,1568
2020,McLean,572,576,714,962,1104
2020,Mercer,602,605,764,1102,1259
2020,Morton,694,698,892,1242,1475
2020,Mountrail,621,678,829,1037,1406
2020,Nelson,609,627,714,1030,1085
2020,Oliver,689,693,887,1203,1442
2020,Pembina,609,627,714,1012,1224
2020,Pierce,539,542,714,890,1085
2020,Ramsey,609,627,714,1030,1254
2020,Ransom,539,542,714,948,1085
2020,Renville,539,542,714,983,1254
2020,Richland,539,542,714,1030,1098
2020,Rolette,609,627,714,1030,1085
2020,Sargent,601,605,714,1030,1150
2020,Sheridan,560,563,742,1070,1127
2020,Sioux,539,542,714,890,1108
2020,Slope,560,563,742,1070,1127
2020,Stark,694,699,920,1242,1246
2020,Steele,539,542,714,1030,1085
2020,Stutsman,539,542,714,985,1058
2020,Towner,578,582,714,1030,1085
2020,Traill,499,589,714,1030,1254
2020,Walsh,591,594,714,932,1035
2020,Ward,629,747,972,1404,1706
2020,Wells,609,627,714,1000,1143
2020,Williams,592,695,909,1227,1231
2021,Adams,553,565,734,1050,1129
2021,Barnes,571,574,757,1006,1053
2021,Benson,629,644,734,913,1247
2021,Billings,589,593,782,1119,1192
2021,Bottineau,553,557,734,913,1119
2021,Bowman,553,557,734,1050,1078
2021,Burke,604,608,801,1008,1169
2021,Burleigh,715,719,884,1265,1444
2021,Cass,593,712,873,1249,1512
2021,Cavalier,629,644,734,1050,1118
2021,Dickey,553,557,734,913,1187
2021,Divide,589,593,782,1119,1192
2021,Dunn,762,791,1043,1297,1806
2021,Eddy,589,593,734,1024,1118
2021,Emmons,553,557,734,1050,1118
2021,Foster,629,644,734,1050,1118
2021,Golden Valley,591,595,778,981,1166
2021,Grand Forks,623,694,883,1264,1529
2021,Grant,573,577,734,1015,1118
2021,Griggs,553,557,734,1025,1118
2021,Hettinger,589,593,782,1119,1192
2021,Kidder,629,644,734,1050,1118
2021,LaMoure,553,557,734,1050,1271
2021,Logan,553,565,734,987,1025
2021,McHenry,629,644,734,1050,1118
2021,McIntosh,629,644,734,973,997
2021,McKenzie,768,824,1086,1351,1655
2021,McLean,553,557,734,936,1094
2021,Mercer,639,643,810,1159,1234
2021,Morton,715,719,884,1265,1444
2021,Mountrail,649,673,767,954,1266
2021,Nelson,629,644,734,1050,1118
2021,Oliver,711,716,880,1241,1417
2021,Pembina,629,644,734,1050,1118
2021,Pierce,553,557,734,913,995
2021,Ramsey,629,644,734,1050,1200
2021,Ransom,553,557,734,960,1118
2021,Renville,553,557,734,950,1212
2021,Richland,553,557,734,1050,1080
2021,Rolette,629,644,734,1050,1118
2021,Sargent,616,619,734,1015,1119
2021,Sheridan,589,593,782,1119,1192
2021,Sioux,553,557,734,913,1141
2021,Slope,589,593,782,1119,1192
2021,Stark,766,771,934,1335,1372
2021,Steele,553,557,734,1050,1118
2021,Stutsman,553,557,734,1046,1145
2021,Towner,553,557,734,1050,1118
2021,Traill,594,598,734,1050,1271
2021,Walsh,554,558,734,943,1070
2021,Ward,629,739,953,1364,1650
2021,Wells,629,644,734,1050,1172
2021,Williams,603,694,914,1308,1393
